input,category,expected,actual,passed,latency,error
walk forward for three seconds,basic,"[{'action': 'move', 'vx': 0.8, 'vy': 0.0, 'wz': 0.0, 'duration': 3.0}]",['move'],True,6.028368399944156,
walk backward for two seconds,basic,"[{'action': 'move', 'vx': -0.8, 'vy': 0.0, 'wz': 0.0, 'duration': 2.0}]",['move'],True,2.092014800058678,
turn left 90 degrees,basic,"[{'action': 'turn', 'angle_deg': 90.0}]",['turn'],True,3.1845966998953372,
turn right 45 degrees,basic,"[{'action': 'turn', 'angle_deg': -45.0}]",['turn'],True,2.799394200090319,
"walk forward for three seconds, then turn back",multi-step,"[{'action': 'move', 'vx': 0.8, 'vy': 0.0, 'wz': 0.0, 'duration': 3.0}, {'action': 'turn', 'angle_deg': 180.0}]","['move', 'turn']",True,4.126575300004333,
move forward for two seconds then turn left 90 degrees,multi-step,"[{'action': 'move', 'vx': 0.8, 'vy': 0.0, 'wz': 0.0, 'duration': 2.0}, {'action': 'turn', 'angle_deg': 90.0}]","['move', 'turn']",True,3.481118199881166,
turn right 90 degrees then walk forward for four seconds,multi-step,"[{'action': 'turn', 'angle_deg': -90.0}, {'action': 'move', 'vx': 0.8, 'vy': 0.0, 'wz': 0.0, 'duration': 4.0}]","['turn', 'move']",True,3.552751899929717,
"walk backward for two seconds, turn around, then walk forward for one second",multi-step,"[{'action': 'move', 'vx': -0.8, 'vy': 0.0, 'wz': 0.0, 'duration': 2.0}, {'action': 'turn', 'angle_deg': 180.0}, {'action': 'move', 'vx': 0.8, 'vy': 0.0, 'wz': 0.0, 'duration': 1.0}]","['move', 'turn', 'move']",True,3.4912272000219673,
could you walk forwards for five seconds?,paraphrase,"[{'action': 'move', 'vx': 0.8, 'vy': 0.0, 'wz': 0.0, 'duration': 5.0}]",['move'],True,4.138515600003302,
go straight ahead for three seconds,paraphrase,"[{'action': 'move', 'vx': 0.8, 'vy': 0.0, 'wz': 0.0, 'duration': 3.0}]",['move'],True,2.0081797000020742,
take a few steps backwards for two seconds,paraphrase,"[{'action': 'move', 'vx': -0.8, 'vy': 0.0, 'wz': 0.0, 'duration': 2.0}]",['move'],True,2.34842719999142,
make a quarter turn to the left,paraphrase,"[{'action': 'turn', 'angle_deg': 90.0}]",['turn'],True,2.0622378000989556,
face the opposite direction,paraphrase,"[{'action': 'turn', 'angle_deg': 180.0}]",['turn'],True,2.2387439000885934,
slowly move forward for four seconds,paraphrase,"[{'action': 'move', 'vx': 0.4, 'vy': 0.0, 'wz': 0.0, 'duration': 4.0}]",['move'],True,2.9884957999456674,
fly to the roof,invalid,,[],True,3.9153156001120806,
jump over the wall,invalid,,[],True,2.879364099819213,
pick up the chair,invalid,,['chat'],True,8.273030400043353,
,invalid,,[],True,3.1980342001188546,
sing me a song while running,invalid,,"['move', 'chat']",False,7.432495499961078,
camina hacia adelante por tres segundos,invalid,,[],True,2.2957907000090927,
